instance,obstacles,algorithm,drones,stations,range_km,makespan_s,lower_bound_s,gap_pct,total_distance_m,n_flights,n_turns,coverage_pct,redundancy_pct,unmappable_km2,queue_wait_s,utilization_pct,solve_time_s,valid,error
syn-000,False,rss,8,3,16.16,14016.913152021581,6260.758964568687,123.88520675124295,299293.0334796824,24,130,100.0,0.0,0.0,59593.4246800144,16.76773438628909,0.338108874973841,True,
syn-000,False,rss-fixed-angle,8,3,16.16,16941.66296612494,6349.413121892602,166.8225021885968,378025.57388722163,30,246,100.0,0.0,0.0,77220.91680040724,17.78089932618543,0.34327254100935534,True,
syn-000,False,rss-greedy-split,8,3,16.16,15483.898184880958,6260.758964568687,147.31663161780367,344325.32473587693,25,132,100.0,0.0,0.0,65923.81691819562,17.420367812639995,0.3195683339727111,True,
syn-000,False,rss-full-budget,8,3,16.16,14016.913152021581,6260.758964568687,123.88520675124295,299293.0334796824,24,130,100.0,0.0,0.0,59593.4246800144,16.76773438628909,0.15479758399305865,True,
syn-000,False,darp-stc,8,3,16.16,42674.33234049232,6349.413121892602,572.0988463225427,395966.38657554734,30,812,100.0,0.0,0.0,195238.26200424897,7.918933918120145,0.289574166003149,True,
syn-000,False,darp-boustrophedon,8,3,16.16,37278.27336218204,6349.413121892602,487.11368510024295,378405.8633801641,29,458,100.0,0.0,0.0,133854.42093174226,8.387418615148604,0.2759160840068944,True,
syn-000-obs,True,rss,4,3,18.98,11137.52260518369,6957.920835298748,60.06969422073751,289071.038384187,19,127,100.0,0.0,0.2218666666666666,3182.668394166286,37.95109779060062,0.34184616699349135,True,
syn-000-obs,True,rss-fixed-angle,4,3,18.98,12739.816420373083,7018.241800253731,81.52433020920569,327461.4437859056,23,234,100.0,0.0,0.2218666666666666,3882.8078200490872,38.395441862175,0.4088625419535674,True,
syn-000-obs,True,rss-greedy-split,4,3,18.98,11146.745206229716,6957.920835298748,60.20224245266388,301373.5015483108,19,132,100.0,0.0,0.2218666666666666,1930.4861849734934,39.53213985637243,0.40981987497070804,True,
syn-000-obs,True,rss-full-budget,4,3,18.98,13585.964915804945,6957.920835298748,95.25897516512363,286879.522918815,19,125,100.0,0.0,0.2218666666666666,12292.76025904563,30.84114922861953,0.17191441601607949,True,
syn-000-obs,True,darp-stc,4,3,18.98,19379.258613456477,7018.241800253731,176.12697260951964,320442.07994065166,20,633,100.0,0.0,0.2218666666666666,14223.243100754007,26.498284541167518,0.201758915965911,True,
syn-000-obs,True,darp-boustrophedon,4,3,18.98,21927.356127499126,7018.241800253731,212.43375123818598,339113.09864347527,22,347,100.0,0.0,0.2218666666666666,18100.84668895606,23.70038798495824,0.07178962498437613,True,
syn-001,False,rss,8,2,13.95,22738.963692697384,11670.434145387386,94.84248323088063,739250.1530623364,71,231,100.0,0.0,0.0,97078.25108332146,25.09584735200062,0.28253587504150346,True,
syn-001,False,rss-fixed-angle,8,2,13.95,20919.843525411663,11860.933958689728,76.37602231218112,677827.3905840422,64,333,100.0,0.0,0.0,88806.90869260007,25.223176645885914,0.2693690829910338,True,
syn-001,False,rss-greedy-split,8,2,13.95,28141.267333550142,11670.434145387386,141.13299456535367,833958.5157090174,68,216,100.0,0.0,0.0,136631.1034643561,22.780523511686066,0.3315905840136111,True,
syn-001,False,rss-full-budget,8,2,13.95,22738.963692697384,11670.434145387386,94.84248323088063,739250.1530623364,71,231,100.0,0.0,0.0,97078.25108332146,25.09584735200062,0.018448542046826333,True,
syn-001,False,darp-stc,8,2,13.95,30959.25767176073,11860.933958689728,161.01871724088736,819334.9041411444,68,1284,100.0,0.0,0.0,88185.10312515098,21.83160969024773,0.3661002920125611,True,
syn-001,False,darp-boustrophedon,8,2,13.95,36874.4130289113,11860.933958689728,210.88962435286,856416.6311834562,71,668,100.0,0.0,0.0,108320.36930206085,18.495250749719883,0.3446948750060983,True,
syn-001-obs,True,rss,7,2,13.95,42406.07885087132,23829.023172530608,77.95978686929892,700116.190424218,68,244,100.0,0.0,0.4607999999999998,176671.6138135078,15.290681545346091,0.6534451660118066,True,
syn-001-obs,True,rss-fixed-angle,7,2,13.95,42283.42761568817,24221.942988699884,74.5666218247413,694735.0918831561,66,364,100.0,0.0,0.4437333333333332,175903.3155972632,15.339801374613995,0.689319625031203,True,
syn-001-obs,True,rss-greedy-split,7,2,13.95,54801.80824872532,23829.023172530608,129.9792477935026,825549.5630114503,68,242,100.0,0.0,0.4607999999999998,249769.5385291329,13.901382589481189,0.8376874160021544,True,
syn-001-obs,True,rss-full-budget,7,2,13.95,42406.07885087132,23829.023172530608,77.95978686929892,700116.190424218,68,244,100.0,0.0,0.4607999999999998,176671.6138135078,15.290681545346091,0.16747612500330433,True,
syn-001-obs,True,darp-stc,7,2,13.95,59483.36949816811,24221.942988699884,145.57637480163555,815303.4749290199,68,1214,100.0,0.0,0.4437333333333332,171879.26177452,13.429945525028492,0.5521622499800287,True,
syn-001-obs,True,darp-boustrophedon,7,2,13.95,62983.01199086938,24221.942988699884,160.0246066975406,838770.1128259731,69,625,100.0,0.0,0.4437333333333332,210975.41046662192,12.643327671431715,0.5346629159757867,True,
syn-002,False,rss,6,3,12.13,2372.8063388378614,575.4926620358568,312.30870441403135,74402.58586553775,9,61,100.0,0.0,0.0,6260.708381186454,32.21762877115822,0.06356974999653175,True,
syn-002,False,rss-fixed-angle,6,3,12.13,2331.9658972955713,575.7599181971294,305.0240080271009,72996.08443328014,9,62,100.0,0.0,0.0,6558.455388792152,32.24908865439329,0.06597754202084616,True,
syn-002,False,rss-greedy-split,6,3,12.13,2305.163590616299,575.4926620358568,300.5548189722483,77112.18549569428,9,61,100.0,0.0,0.0,5846.723310297706,34.49771962893132,0.1392827919917181,True,
syn-002,False,rss-full-budget,6,3,12.13,2509.862200216028,575.4926620358568,336.1241012764899,72829.49960995642,8,60,100.0,0.0,0.0,6177.27865868642,29.89431158498705,0.0020148329786024988,True,
syn-002,False,darp-stc,6,3,12.13,7400.388204148944,575.7599181971294,1185.3253535469605,85183.75451687952,12,296,100.0,0.0,0.0,25807.44092840345,13.826551358220227,0.03364729101303965,True,
syn-002,False,darp-boustrophedon,6,3,12.13,5664.682030614849,575.7599181971294,883.8618235796275,83805.25189539992,12,157,100.0,0.0,0.0,13775.91618222674,16.449118501583417,0.028907582978717983,True,
syn-002-obs,True,rss,4,3,18.57,3048.647555960726,1086.845880880567,180.50412754848915,71745.08550765208,8,68,100.0,0.0,0.21333333333333326,1499.3952567038118,46.680474737569945,0.11231770797166973,True,
syn-002-obs,True,rss-fixed-angle,4,3,18.57,3137.4492097874513,1083.8401154753717,189.475280070379,71583.5415478494,8,73,100.0,0.0,0.2303999999999999,1667.9852664798018,45.36546164860234,0.14473695802735165,True,
syn-002-obs,True,rss-greedy-split,4,3,18.57,1867.0484647756803,1086.845880880567,71.78594478022863,67845.30437891312,5,64,100.0,0.0,0.21333333333333326,1864.9999790613774,72.11788236092791,0.14178641699254513,True,
syn-002-obs,True,rss-full-budget,4,3,18.57,3996.195364480316,1086.845880880567,267.6874002818672,67521.19807885308,5,62,100.0,0.0,0.21333333333333326,2274.4188146886677,33.46489621796784,0.018340958980843425,True,
syn-002-obs,True,darp-stc,4,3,18.57,6756.5810421935075,1083.8401154753717,523.3927814371472,74205.21925644622,6,249,100.0,0.0,0.2303999999999999,2431.7440889043055,23.655124690771636,0.03076537500601262,True,
syn-002-obs,True,darp-boustrophedon,4,3,18.57,6685.25847755686,1083.8401154753717,516.8122384568419,74230.84125929301,7,137,100.0,0.0,0.2303999999999999,4827.703373427244,22.945710963338367,0.017043166037183255,True,
syn-003,False,rss,6,3,17.48,10451.724786298619,5357.901800249499,95.07122705779936,226899.34964233977,17,133,100.0,0.0,0.0,17894.464727345934,27.632497729508533,0.18229708296712488,True,
syn-003,False,rss-fixed-angle,6,3,17.48,11024.771362084448,5390.572907396097,104.51947411671196,241513.542946429,21,157,100.0,0.0,0.0,19538.159917718127,27.93936564467273,0.16195766703458503,True,
syn-003,False,rss-greedy-split,6,3,17.48,10654.042432254997,5357.901800249499,98.84728816341644,245402.40767614322,18,133,100.0,0.0,0.0,18980.65827778746,29.290844244165473,0.17432812502374873,True,
syn-003,False,rss-full-budget,6,3,17.48,11112.06727359626,5357.901800249499,107.39587412891387,224833.15233943323,17,133,100.0,0.0,0.0,22199.246070678262,25.737193808346774,0.00760274997446686,True,
syn-003,False,darp-stc,6,3,17.48,27602.466574764014,5390.572907396097,412.0507049796553,297969.20869900176,22,611,100.0,0.0,0.0,46039.65722464402,14.460260999145534,0.1291772499680519,True,
syn-003,False,darp-boustrophedon,6,3,17.48,26917.828025669256,5390.572907396097,399.35004104548597,277522.91199650086,21,318,100.0,0.0,0.0,66817.01735369465,13.45416799981091,0.11573070799931884,True,
syn-003-obs,True,rss,8,3,14.58,5228.660173623166,2834.320717608527,84.47665929757149,234988.94014505023,21,161,100.0,0.0,0.27306666666666657,8297.530662269022,50.13632572674065,0.34741070901509374,True,
syn-003-obs,True,rss-fixed-angle,8,3,14.58,5514.520306951445,2846.1493877023336,93.753719702087,250231.98207846575,23,176,100.0,0.0,0.27306666666666657,8353.733725311238,50.68427198562062,0.3763882500352338,True,
syn-003-obs,True,rss-greedy-split,8,3,14.58,6136.467701613537,2834.320717608527,116.50576321479997,275643.1141359626,23,170,100.0,0.0,0.27306666666666657,8512.371697577595,49.995636655180675,0.4119989169994369,True,
syn-003-obs,True,rss-full-budget,8,3,14.58,5228.660173623166,2834.320717608527,84.47665929757149,234988.94014505023,21,161,100.0,0.0,0.27306666666666657,8297.530662269022,50.13632572674065,0.13795154105173424,True,
syn-003-obs,True,darp-stc,8,3,14.58,12022.616338504798,2846.1493877023336,322.4169114401451,305963.3053139378,27,762,100.0,0.0,0.27306666666666657,18704.013855489287,29.79189964417174,0.2871939159813337,True,
syn-003-obs,True,darp-boustrophedon,8,3,14.58,12285.519830267624,2846.1493877023336,331.6540756205912,307090.215767017,27,414,100.0,0.0,0.27306666666666657,18254.205301321457,28.546175623867,0.29132483300054446,True,
syn-004,False,rss,5,1,15.6,24619.087892413816,15271.976896355305,61.20432907601649,442954.11638415715,43,188,100.0,0.0,0.0,72933.03951300314,23.69551074986215,0.1631461670040153,True,
syn-004,False,rss-fixed-angle,5,1,15.6,26753.04920789459,15565.65553492203,71.87229376799,487456.4669748328,39,254,100.0,0.0,0.0,79813.20944059631,24.097852568590113,0.1617597920121625,True,
syn-004,False,rss-greedy-split,5,1,15.6,29230.871650402994,15271.976896355305,91.40201591962213,540935.4387136761,43,195,100.0,0.0,0.0,86137.81462794392,24.3370713211085,0.22248325002146885,True,
syn-004,False,rss-full-budget,5,1,15.6,24646.56804246525,15271.976896355305,61.38426747061943,442519.5012272382,43,188,100.0,0.0,0.0,72814.16826748187,23.64634548668781,0.008067749964538962,True,
syn-004,False,darp-stc,5,1,15.6,36343.10799175001,15565.65553492203,133.4826690094299,594912.5295527251,44,967,100.0,0.0,0.0,78067.57893537595,22.8455038362504,0.35311412502778694,True,
syn-004,False,darp-boustrophedon,5,1,15.6,36297.41803575711,15565.65553492203,133.18913844857175,595472.8021780713,44,451,100.0,0.0,0.0,81358.17276954465,22.093421049645592,0.34294120798585936,True,
syn-004-obs,True,rss,4,1,16.35,25017.317846762187,15146.711562696179,65.16666170877423,450971.6134926102,43,194,100.0,0.0,0.0853333333333333,33144.544591225276,44.047046368807955,0.2768054170301184,True,
syn-004-obs,True,rss-fixed-angle,4,1,16.35,26459.984330210154,15432.03176070593,71.46144292927347,479742.2576339703,37,258,100.0,0.0,0.07679999999999997,33894.485511585735,44.41908014553914,0.2697328749927692,True,
syn-004-obs,True,rss-greedy-split,4,1,16.35,29501.70608744759,15146.711562696179,94.77301040118415,541348.903628143,44,206,100.0,0.0,0.0853333333333333,37268.8974895772,44.83573146303979,0.3338397500338033,True,
syn-004-obs,True,rss-full-budget,4,1,16.35,25268.97956587641,15146.711562696179,66.82815580980419,450012.9575930665,43,192,100.0,0.0,0.0853333333333333,33912.803639184254,43.51533037724167,0.028851374983787537,True,
syn-004-obs,True,darp-stc,4,1,16.35,33230.20945982949,15432.03176070593,115.33269225405868,564101.5521927433,41,881,100.0,0.0,0.07679999999999997,32742.966773029224,42.532689776556424,0.11400204198434949,True,
syn-004-obs,True,darp-boustrophedon,4,1,16.35,37766.79870719854,15432.03176070593,144.7299182170094,590868.9753589542,42,440,100.0,0.0,0.07679999999999997,33240.70866223151,38.60777714402728,0.09273991704685614,True,
syn-005,False,rss,3,1,29.56,19913.453415874348,15710.59934773624,26.751710581580724,495710.1556594158,24,144,100.0,0.0,0.0,3794.4262168158534,70.50257471977531,0.1512125839944929,True,
syn-005,False,rss-fixed-angle,3,1,29.56,20357.578097813406,15804.498712726418,28.80875545531012,497211.80788575235,25,147,100.0,0.0,0.0,3738.5900938899995,69.19623521727554,0.1494904999854043,True,
syn-005,False,rss-greedy-split,3,1,29.56,21616.91924647147,15710.59934773624,37.594491260362226,542240.3899288912,23,145,100.0,0.0,0.0,2285.0924625860484,71.01604822568224,0.1787087080301717,True,
syn-005,False,rss-full-budget,3,1,29.56,20185.961063292056,15710.59934773624,28.486257058045815,493753.89897671645,23,142,100.0,0.0,0.0,3529.6472571003173,69.2698765734464,0.00590216601267457,True,
syn-005,False,darp-stc,3,1,29.56,31503.524794078814,15804.498712726418,99.33264171619003,654659.7014749744,25,890,100.0,0.0,0.0,3404.194047005886,60.783354689742936,0.13224349997472018,True,
syn-005,False,darp-boustrophedon,3,1,29.56,33031.723921428995,15804.498712726418,109.00203493851106,651688.0946873188,26,273,100.0,0.0,0.0,4358.861323852989,56.17774344010127,0.09525991702685133,True,
syn-005-obs,True,rss,3,1,29.56,42623.589970767556,31929.595412877647,33.492421120929315,490947.44549009803,22,142,100.0,0.0,0.29013333333333324,56883.25655106568,25.245122083050333,0.20092608296545222,True,
syn-005-obs,True,rss-fixed-angle,3,1,29.56,45302.8131084455,32179.455594920666,40.78178847623599,496221.9448575252,25,155,100.0,0.0,0.26453333333333323,61002.46854326501,24.02059350764479,0.1989534999593161,True,
syn-005-obs,True,rss-greedy-split,3,1,29.56,44815.02238219518,31929.595412877647,40.35574770897554,526751.8816670722,22,146,100.0,0.0,0.29013333333333324,60948.45149872472,25.755349505206254,0.2627073330222629,True,
syn-005-obs,True,rss-full-budget,3,1,29.56,43075.35417545418,31929.595412877647,34.907297190747656,489506.4740821729,22,142,100.0,0.0,0.29013333333333324,57873.15495373267,24.906694160981637,0.05179037502966821,True,
syn-005-obs,True,darp-stc,3,1,29.56,61143.39488166818,32179.455594920666,90.00754907525315,654330.6068516556,25,884,100.0,0.0,0.26453333333333323,62865.974863780175,24.720764986023763,0.2032871670089662,True,
syn-005-obs,True,darp-boustrophedon,3,1,29.56,63190.48034432253,32179.455594920666,96.36901611939254,647706.0497376994,26,280,100.0,0.0,0.26453333333333323,63520.78064126192,22.664844948212632,0.13768283399986103,True,
syn-006,False,rss,5,4,18.53,9816.599261860922,6357.230914195561,54.41627643162472,232542.80431490712,18,108,100.0,0.0,0.0,2696.749028424297,37.42138315311405,0.16561266599455848,True,
syn-006,False,rss-fixed-angle,5,4,18.53,10124.10520035858,6520.065586693386,55.2761251515717,227675.51765230103,15,189,100.0,0.0,0.0,4169.009887021009,36.045650767756165,0.15015208395197988,True,
syn-006,False,rss-greedy-split,5,4,18.53,11240.992372579813,6357.230914195561,76.82214983695049,259591.88841052898,23,112,100.0,0.0,0.0,2347.9481577636147,36.491740177451824,0.18719799997052178,True,
syn-006,False,rss-full-budget,5,4,18.53,11614.499357216706,6357.230914195561,82.69745922366572,233388.53909403863,17,106,100.0,0.0,0.0,6386.490162964057,31.761610153846163,0.010867625009268522,True,
syn-006,False,darp-stc,5,4,18.53,13218.78358608183,6520.065586693386,102.74004011646242,263583.898468909,18,616,100.0,0.0,0.0,12374.579354198951,33.594993714028945,0.17022387502947822,True,
syn-006,False,darp-boustrophedon,5,4,18.53,15087.965122666616,6520.065586693386,131.4081802100152,253348.8471996414,17,342,100.0,0.0,0.0,11036.4160331943,27.52455374340002,0.1612816249835305,True,
syn-006-obs,True,rss,2,4,9.84,20448.13573931559,15210.123972701125,34.43766649118416,241669.87040902727,35,151,100.0,0.0,0.2303999999999999,1216.2805409598077,44.56255692415362,0.4030937079805881,True,
syn-006-obs,True,rss-fixed-angle,2,4,9.84,20769.934063166187,15480.332251597023,34.16982094181773,254951.57182769876,34,224,100.0,0.0,0.26453333333333323,108.25748837050378,46.7839631738647,0.5439549169968814,True,
syn-006-obs,True,rss-greedy-split,2,4,9.84,21740.98314344788,15210.123972701125,42.93758014377944,261025.76328824565,32,144,100.0,0.0,0.2303999999999999,1145.752839779731,45.20164743029809,0.404330666991882,True,
syn-006-obs,True,rss-full-budget,2,4,9.84,21268.400879854635,15210.123972701125,39.83055574055019,243108.02833379718,34,149,100.0,0.0,0.2303999999999999,2482.630546483343,43.099274910820206,0.057345167035236955,True,
syn-006-obs,True,darp-stc,2,4,9.84,22838.513445878336,15480.332251597023,47.53245004494144,267485.286120136,31,474,100.0,0.0,0.26453333333333323,0.0,46.22486134478381,0.2573535420233384,True,
syn-006-obs,True,darp-boustrophedon,2,4,9.84,24114.910254974293,15480.332251597023,55.777730497266866,281007.1293372703,33,269,100.0,0.0,0.26453333333333323,255.21270737516534,44.62664742414499,0.26053150004008785,True,
syn-007,False,rss,2,2,13.14,7859.1507132613815,5608.861472139704,40.12024993484502,68985.56646375971,7,66,100.0,0.0,0.0,0.0,27.79357526036429,0.05421575001673773,True,
syn-007,False,rss-fixed-angle,2,2,13.14,8583.739767102705,5600.2905672529305,53.27311438615627,73089.98891496721,7,70,100.0,0.0,0.0,435.00079333211943,26.99457919372679,0.04635741701349616,True,
syn-007,False,rss-greedy-split,2,2,13.14,8273.715458813858,5608.861472139704,47.511495869723255,73567.38925558625,8,65,100.0,0.0,0.0,0.0,28.085883788984393,0.05525654199300334,True,
syn-007,False,rss-full-budget,2,2,13.14,8570.189190134593,5608.861472139704,52.7973053480528,70744.67043382724,7,66,100.0,0.0,0.0,359.82330174017807,26.157119716968264,0.0019019999890588224,True,
syn-007,False,darp-stc,2,2,13.14,10175.089538703978,5600.2905672529305,81.68860019874093,84702.67954470629,8,214,100.0,0.0,0.0,0.0,28.720803201431572,0.005740584048908204,True,
syn-007,False,darp-boustrophedon,2,2,13.14,9838.057419131628,5600.2905672529305,75.67048175426045,78632.19177865262,8,111,100.0,0.0,0.0,0.0,26.252552014469142,0.003421125002205372,True,
syn-007-obs,True,rss,6,2,15.47,1875.4819764052163,830.4456680545354,125.8404190124637,68128.52335822444,7,91,100.0,0.0,0.4437333333333332,8272.663182083508,56.0579211161058,0.32433408399811015,True,
syn-007-obs,True,rss-fixed-angle,6,2,15.47,1236.4901621819567,832.2318310927695,48.575206569348836,66832.5575945105,6,86,100.0,0.0,0.4266666666666665,5988.9934437880565,83.54833000499212,0.25258541700895876,True,
syn-007-obs,True,rss-greedy-split,6,2,15.47,1191.6134596064098,830.4456680545354,43.490839370379675,73305.45347037679,6,91,100.0,0.0,0.4437333333333332,9244.66884486273,94.79936468923168,0.3092365420307033,True,
syn-007-obs,True,rss-full-budget,6,2,15.47,2037.0510334352,830.4456680545354,145.29612373165236,68912.77712323378,7,90,100.0,0.0,0.4437333333333332,7762.698954684439,52.121604012685346,0.13408916699700058,True,
syn-007-obs,True,darp-stc,6,2,15.47,6050.834973525669,832.2318310927695,627.0612283094922,88884.06163247056,9,282,100.0,0.0,0.4266666666666665,11046.119040978472,23.833053575813814,0.09354791603982449,True,
syn-007-obs,True,darp-boustrophedon,6,2,15.47,1276.4154089478748,832.2318310927695,53.372577358867176,74978.68561196969,6,165,100.0,0.0,0.4266666666666665,8234.55779539644,93.33879330097707,0.12209795799572021,True,
syn-008,False,rss,6,1,16.54,7449.305053831547,2676.4789111749187,178.32481783170326,167774.62387532493,15,75,100.0,0.0,0.0,30663.27250042406,35.24621613304238,0.05501645797630772,True,
syn-008,False,rss-fixed-angle,6,1,16.54,11592.702687403622,2596.036174297801,346.5539734067581,249620.6511535946,17,173,100.0,0.0,0.0,40836.948774713055,34.007029260086654,0.06893733399920166,True,
syn-008,False,rss-greedy-split,6,1,16.54,7705.579464277598,2676.4789111749187,187.89987591925424,176058.52928043797,14,75,100.0,0.0,0.0,28894.271114484054,35.8239885195376,0.0781099580344744,True,
syn-008,False,rss-full-budget,6,1,16.54,7575.254181540749,2676.4789111749187,183.03059478303047,166595.00027970562,14,70,100.0,0.0,0.0,28216.068353575538,34.3993563671018,0.0041911250445991755,True,
syn-008,False,darp-stc,6,1,16.54,16092.764587401645,2596.036174297801,519.8975479128121,270348.7981480612,20,464,100.0,0.0,0.0,37905.644296665465,27.09857324570585,0.1232699160464108,True,
syn-008,False,darp-boustrophedon,6,1,16.54,16351.186150429423,2596.036174297801,529.8520148646325,277309.59517177695,20,301,100.0,0.0,0.0,38468.1907993245,27.08731243833075,0.12409341702004895,True,
syn-008-obs,True,rss,5,1,16.54,7545.898631460568,3325.5934374206836,126.90382253439662,166671.29486953787,15,90,100.0,0.0,0.27306666666666657,24378.229267242106,33.14890866844105,0.13994233298581094,True,
syn-008-obs,True,rss-fixed-angle,5,1,16.54,11768.107245197558,3245.150700543566,262.63669490684634,250482.55390617505,18,186,100.0,0.0,0.27306666666666657,36076.467770025236,32.35938243903393,0.2033431670279242,True,
syn-008-obs,True,rss-greedy-split,5,1,16.54,8049.2713293871375,3325.5934374206836,142.0401495508759,177517.79061268456,14,91,100.0,0.0,0.27306666666666657,23596.63174464278,33.22835471835536,0.16822712501743808,True,
syn-008-obs,True,rss-full-budget,5,1,16.54,7627.917192771336,3325.5934374206836,129.3701060069302,165741.43674520767,14,87,100.0,0.0,0.27306666666666657,22295.826392486902,32.596471022716415,0.029706916015129536,True,
syn-008-obs,True,darp-stc,5,1,16.54,15954.08904511515,3245.150700543566,391.6286027161335,259281.14281414368,19,395,100.0,0.0,0.27306666666666657,28902.50417548426,25.34858637636227,0.1867159159737639,True,
syn-008-obs,True,darp-boustrophedon,5,1,16.54,15765.857843190885,3245.150700543566,385.82821871878207,258273.7073242769,19,293,100.0,0.0,0.27306666666666657,28085.03277903949,25.377613893851652,0.13351183297345415,True,
syn-009,False,rss,3,4,16.68,45440.47730778622,32595.06682372093,39.40906319822941,699903.420544754,55,202,100.0,0.0,0.0,7768.400240392662,41.17152816514733,0.3037575000198558,True,
syn-009,False,rss-fixed-angle,3,4,16.68,44601.280372181376,32714.01383123735,36.33692460444378,691729.0912314381,56,240,100.0,0.0,0.0,5594.940232402912,41.58904741547889,0.2618240410229191,True,
syn-009,False,rss-greedy-split,3,4,16.68,49058.54694945574,32595.06682372093,50.509116041307145,757294.709389167,53,223,100.0,0.0,0.0,7192.639159646419,41.39084699934695,0.3526716670021415,True,
syn-009,False,rss-full-budget,3,4,16.68,45440.47730778622,32595.06682372093,39.40906319822941,699903.420544754,55,202,100.0,0.0,0.0,7768.400240392662,41.17152816514733,0.012147041969001293,True,
syn-009,False,darp-stc,3,4,16.68,65827.5785548514,32714.01383123735,101.22134475591369,846857.1651273962,58,924,100.0,0.0,0.0,11196.775915672322,35.417032818715114,0.0553149160114117,True,
syn-009,False,darp-boustrophedon,3,4,16.68,65642.6103065641,32714.01383123735,100.6559349311166,897222.5348163459,61,431,100.0,0.0,0.0,9317.229096799569,36.93514551809821,0.03308133396785706,True,
syn-009-obs,True,rss,3,4,16.95,41724.96629036684,29901.409175723616,39.54180568935375,695577.9034471081,56,215,100.0,0.0,0.12799999999999995,6091.739267781237,37.66332780117745,0.4752640000078827,True,
syn-009-obs,True,rss-fixed-angle,3,4,16.95,41117.43608136638,30027.266293829452,36.9336644868532,692331.6859676978,55,241,100.0,0.0,0.10239999999999998,6732.06827669578,38.16075653933021,0.42827312502777204,True,
syn-009-obs,True,rss-greedy-split,3,4,16.95,48322.98271686432,29901.409175723616,61.60771030181689,813689.0158742026,57,234,100.0,0.0,0.12799999999999995,4778.321442647986,38.130630842341475,0.5311665420304053,True,
syn-009-obs,True,rss-full-budget,3,4,16.95,43157.5504237695,29901.409175723616,44.33283117241273,696471.9063867633,55,214,100.0,0.0,0.12799999999999995,11239.736791190839,36.48068411707464,0.0516990419710055,True,
syn-009-obs,True,darp-stc,3,4,16.95,56426.939575495664,30027.266293829452,87.91900342620032,840466.9536920546,57,941,100.0,0.0,0.10239999999999998,15310.513546717828,35.09001452758052,0.08944287500344217,True,
syn-009-obs,True,darp-boustrophedon,3,4,16.95,63704.442178397454,30027.266293829452,112.15531762040088,872234.357234726,59,430,100.0,0.0,0.10239999999999998,20661.7419951449,31.399508102607665,0.06204475002596155,True,
syn-010,False,rss,7,4,7.61,7951.403031578277,4028.705035702002,97.36870684534351,234701.71226605563,40,174,100.0,0.0,0.0,15141.02613174541,36.40236383558393,0.1860257500084117,True,
syn-010,False,rss-fixed-angle,7,4,7.61,8238.193889168655,4048.8774618282914,103.46859016693126,236744.29759941512,42,199,100.0,0.0,0.0,11914.067418190694,35.51682808880655,0.2021787500125356,True,
syn-010,False,rss-greedy-split,7,4,7.61,8862.484034014442,4028.705035702002,119.98344270617851,261220.01339708365,42,169,100.0,0.0,0.0,12853.842209585877,36.28558712171215,0.1675967089831829,True,
syn-010,False,rss-full-budget,7,4,7.61,8292.698177585215,4028.705035702002,105.84029121258843,231667.06839607868,38,170,100.0,0.0,0.0,15711.555884181556,34.440006174742315,0.00590912502957508,True,
syn-010,False,darp-stc,7,4,7.61,14525.274313487593,4048.8774618282914,258.7481826858902,286321.4875696553,45,693,100.0,0.0,0.0,16807.52273352749,25.497693726681376,0.08435424999333918,True,
syn-010,False,darp-boustrophedon,7,4,7.61,16236.65455071937,4048.8774618282914,301.0162002627668,282605.1132297597,44,371,100.0,0.0,0.0,16279.350867725056,21.93006629337078,0.10210245900088921,True,
syn-010-obs,True,rss,3,4,10.67,16849.595178534026,11911.682454556836,41.45436837168357,207240.1205951814,32,182,100.0,0.0,0.4778666666666665,0.0,34.533650481476656,0.5953327090246603,True,
syn-010-obs,True,rss-fixed-angle,3,4,10.67,16975.731481100505,11946.747089938386,42.095010075148885,212466.81672259475,27,198,100.0,0.0,0.5034666666666665,0.0,35.11862279218231,0.7179788750363514,True,
syn-010-obs,True,rss-greedy-split,3,4,10.67,19354.55455257432,11911.682454556836,62.48380215315594,244627.90244107033,33,188,100.0,0.0,0.4778666666666665,0.0,35.43463194600647,0.6825803749961779,True,
syn-010-obs,True,rss-full-budget,3,4,10.67,17265.407772191673,11911.682454556836,44.945164867006326,206667.90524480678,27,173,100.0,0.0,0.4778666666666665,1602.9537720513472,33.60979659929381,0.14134587498847395,True,
syn-010-obs,True,darp-stc,3,4,10.67,22078.462537735202,11946.747089938386,84.80731509190313,238349.6076709481,27,505,100.0,0.0,0.5034666666666665,4458.1497027554215,31.512928210002336,0.19702554197283462,True,
syn-010-obs,True,darp-boustrophedon,3,4,10.67,27640.18886728145,11946.747089938386,131.36163056938037,240223.61831454464,27,278,100.0,0.0,0.5034666666666665,19609.523240765255,24.706429845582623,0.17117920803138986,True,
syn-011,False,rss,5,2,12.56,17194.476406323934,9844.933948027567,74.65303979788357,272841.09192703286,37,115,100.0,0.0,0.0,40964.674021166415,18.89101142110514,0.09262929100077599,True,
syn-011,False,rss-fixed-angle,5,2,12.56,17907.66229446961,10195.139647650232,75.64901426923518,274587.6982505423,33,206,100.0,0.0,0.0,40445.5220479217,18.639521721099186,0.128314292000141,True,
syn-011,False,rss-greedy-split,5,2,12.56,20740.380437008767,9844.933948027567,110.67059003645325,301243.78415564663,28,95,100.0,0.0,0.0,52945.050521842655,17.234663950297744,0.12295029201777652,True,
syn-011,False,rss-full-budget,5,2,12.56,19746.064955199705,9844.933948027567,100.5708221044574,260653.92621513447,30,98,100.0,0.0,0.0,53922.31833272328,15.692827829868868,0.003545084036886692,True,
syn-011,False,darp-stc,5,2,12.56,26337.743684088833,10195.139647650232,158.33627193286299,322765.3936864922,30,699,100.0,0.0,0.0,38649.44724907426,16.17247698175918,0.17854854103643447,True,
syn-011,False,darp-boustrophedon,5,2,12.56,24750.169854558706,10195.139647650232,142.76440254806224,311130.73360373237,29,372,100.0,0.0,0.0,41237.82306572296,15.882972500412562,0.18452958296984434,True,
syn-011-obs,True,rss,4,2,12.53,9548.912057070478,5693.242945005516,67.7236005789531,252128.27555730764,36,119,100.0,0.0,0.07679999999999997,6872.549327955422,42.52019588645346,0.25856020802166313,True,
syn-011-obs,True,rss-fixed-angle,4,2,12.53,9980.784365362044,5867.185737982429,70.11195505111405,271549.25012237445,31,206,100.0,0.0,0.05119999999999999,5367.235326931693,44.49908255357612,0.23238816700177267,True,
syn-011-obs,True,rss-greedy-split,4,2,12.53,11658.462562802539,5693.242945005516,104.77718367929656,303365.76858963096,36,124,100.0,0.0,0.07679999999999997,7020.084317804303,41.865484334515,0.2532046250416897,True,
syn-011-obs,True,rss-full-budget,4,2,12.53,10795.533071501699,5693.242945005516,89.62010186078999,249735.42315721585,29,102,100.0,0.0,0.07679999999999997,12501.731225305364,37.173565068262846,0.012237083981744945,True,
syn-011-obs,True,darp-stc,4,2,12.53,16813.403949351334,5867.185737982429,186.5667579007482,316653.02221307694,29,575,100.0,0.0,0.05119999999999999,9833.649650192032,32.52486734312335,0.19072524999501184,True,
syn-011-obs,True,darp-boustrophedon,4,2,12.53,15369.58736630927,5867.185737982429,161.95842526019072,305911.7013972641,29,307,100.0,0.0,0.05119999999999999,7859.795171098316,33.28567369743319,0.1929392079473473,True,
syn-012,False,rss,4,4,16.93,14396.288825626118,10417.848585366717,38.18869325714389,502180.3644774937,46,194,100.0,0.0,0.0,1867.3781260604405,51.68485776843996,0.385317291948013,True,
syn-012,False,rss-fixed-angle,4,4,16.93,14221.396569083556,10392.369950620221,36.84459499283719,501698.6530654972,41,207,100.0,0.0,0.0,1962.6380616414053,52.382196088442306,0.34617670899024233,True,
syn-012,False,rss-greedy-split,4,4,16.93,15244.085067262171,10417.848585366717,46.326613814243366,497461.3983149316,33,169,100.0,0.0,0.0,6467.479322783619,48.299046726169756,0.32911016704747453,True,
syn-012,False,rss-full-budget,4,4,16.93,15161.784645032803,10417.848585366717,45.53661939692222,496211.08108096983,44,190,100.0,0.0,0.0,6059.741148133357,48.44804533880691,0.012104875000659376,True,
syn-012,False,darp-stc,4,4,16.93,15961.041504478762,10392.369950620221,53.584231318922605,520521.3522087466,36,874,100.0,0.0,0.0,2416.386140336551,52.357559910649414,0.1387720000348054,True,
syn-012,False,darp-boustrophedon,4,4,16.93,15459.662389743382,10392.369950620221,48.759738762193926,528150.3235208885,36,344,100.0,0.0,0.0,2136.28039424521,51.74441817875913,0.10593591700308025,True,
syn-012-obs,True,rss,4,4,19.29,12763.622813715287,9700.964212248604,31.570661786379105,469056.9107974473,35,186,100.0,0.0,0.3583999999999999,2336.9802948539864,54.79539123178428,0.5808543339953758,True,
syn-012-obs,True,rss-fixed-angle,4,4,19.29,12896.70312771852,9684.145555615578,33.17337140022709,472436.75446556153,33,208,100.0,0.0,0.3327999999999999,2275.0351006236697,54.86425714286373,0.5525553339975886,True,
syn-012-obs,True,rss-greedy-split,4,4,19.29,13173.034694780377,9700.964212248604,35.79098331429651,491214.0515999909,31,174,100.0,0.0,0.3583999999999999,781.6521023627702,55.659903427862844,0.5540158330113627,True,
syn-012-obs,True,rss-full-budget,4,4,19.29,13035.380299706088,9700.964212248604,34.37200689027791,468539.5140585909,34,182,100.0,0.0,0.3583999999999999,2120.225918983312,53.586547894341884,0.07842866703867912,True,
syn-012-obs,True,darp-stc,4,4,19.29,15276.177847413323,9684.145555615578,57.74419911062856,507069.5054331566,30,872,100.0,0.0,0.3327999999999999,924.400174777865,53.738409895866205,0.16555875004269183,True,
syn-012-obs,True,darp-boustrophedon,4,4,19.29,15849.532123737736,9684.145555615578,63.66474494538152,514113.58257584425,32,349,100.0,0.0,0.3327999999999999,5611.343229302446,49.541360998465684,0.11025466700084507,True,
syn-013,False,rss,2,3,10.94,43495.874614244574,27935.08436184739,55.70339452294437,363478.65444274223,42,168,100.0,0.0,0.0,2944.426272974645,29.984602805711884,0.21330112498253584,True,
syn-013,False,rss-fixed-angle,2,3,10.94,43445.99369683571,27904.72102214067,55.694062170927985,358923.30916177586,45,336,100.0,0.0,0.0,4782.919060285312,30.312987080142985,0.19708399998489767,True,
syn-013,False,rss-greedy-split,2,3,10.94,45039.38617279781,27935.08436184739,61.22874586450428,383279.3207517643,41,158,100.0,0.0,0.0,2494.2081527761075,30.51234261743673,0.2227305420092307,True,
syn-013,False,rss-full-budget,2,3,10.94,45722.41320516154,27935.08436184739,63.67379676721996,364172.83620549226,41,169,100.0,0.0,0.0,5908.398383405037,28.58983030205052,0.005881207995116711,True,
syn-013,False,darp-stc,2,3,10.94,49568.242249230054,27904.72102214067,77.6338928810674,385172.6207951201,41,448,100.0,0.0,0.0,1819.120600303555,28.762478703439662,0.0345796660403721,True,
syn-013,False,darp-boustrophedon,2,3,10.94,56040.23726272338,27904.72102214067,100.82708305257349,425674.20712887414,44,346,100.0,0.0,0.0,0.0,27.794581650541655,0.01403262501116842,True,
syn-013-obs,True,rss,6,3,14.4,7652.574484389715,4333.629910880239,76.58578701371705,347932.5778035899,34,166,100.0,0.0,0.2218666666666666,4050.0138977678503,47.74668723168072,0.3090809999848716,True,
syn-013-obs,True,rss-fixed-angle,6,3,14.4,7611.66767769246,4330.199942985405,75.78097496451134,316018.5259011711,30,328,100.0,0.0,0.21333333333333326,12615.166898969412,45.11407173355075,0.40695362497353926,True,
syn-013-obs,True,rss-greedy-split,6,3,14.4,8293.034529138822,4333.629910880239,91.36462272234864,380245.62619587284,36,176,100.0,0.0,0.2218666666666666,4861.660078003231,48.17338534534172,0.4296212499612011,True,
syn-013-obs,True,rss-full-budget,6,3,14.4,9410.969523795438,4333.629910880239,117.16135704545891,325287.1568202949,30,159,100.0,0.0,0.2218666666666666,16204.889963937389,36.302139328223504,0.0949086660402827,True,
syn-013-obs,True,darp-stc,6,3,14.4,11283.120452926903,4330.199942985405,160.56811698048037,377051.88779686525,32,732,100.0,0.0,0.21333333333333326,11893.102622432678,37.95612806838231,0.2720532499952242,True,
syn-013-obs,True,darp-boustrophedon,6,3,14.4,11016.845232562597,4330.199942985405,154.41885773448058,369291.4209894329,31,509,100.0,0.0,0.21333333333333326,9661.393830748622,37.33932723649339,0.3056326670339331,True,
syn-014,False,rss,7,1,13.04,2380.577547076453,811.436411981077,193.3782009195773,79302.89578326409,8,58,100.0,0.0,0.0,19344.48180497503,42.81263656218819,0.03689812496304512,True,
syn-014,False,rss-fixed-angle,7,1,13.04,4720.554921276862,855.7706856893006,451.61446871419525,112922.30146872347,11,107,100.0,0.0,0.0,28570.934206338636,31.007844650891712,0.04086845798883587,True,
syn-014,False,rss-greedy-split,7,1,13.04,2805.545264160512,811.436411981077,245.7504768994688,88593.23808165242,8,65,100.0,0.0,0.0,19931.021196128182,40.67592612668371,0.03918325004633516,True,
syn-014,False,rss-full-budget,7,1,13.04,2546.5153909878554,811.436411981077,213.82808971693535,78271.66522742937,8,57,100.0,0.0,0.0,20193.611460878685,39.4776076691221,0.003036541980691254,True,
syn-014,False,darp-stc,7,1,13.04,8217.450107432036,855.7706856893006,860.2397283348282,129202.57598083484,14,381,100.0,0.0,0.0,34339.27060007985,21.473904771366634,0.06624845799524337,True,
syn-014,False,darp-boustrophedon,7,1,13.04,8444.918736405594,855.7706856893006,886.8202869795002,130059.64318800694,15,204,100.0,0.0,0.0,39969.85484786816,20.390292026797983,0.0629048750270158,True,
syn-014-obs,True,rss,5,1,13.04,7127.071248069952,1162.9504056060384,512.843953939367,81344.31710130631,9,74,100.0,0.0,0.17919999999999994,34349.4115461762,19.81785867239224,0.0800446670036763,True,
syn-014-obs,True,rss-fixed-angle,5,1,13.04,9302.205109851866,1340.2767519518547,594.0510679085493,106269.21044901789,10,109,100.0,0.0,0.13653333333333328,39035.50948573432,19.9847536976223,0.08749795897165313,True,
syn-014-obs,True,rss-greedy-split,5,1,13.04,7647.906622683586,1162.9504056060384,557.6296448942805,95474.14357929963,9,79,100.0,0.0,0.17919999999999994,36789.53387851733,21.687996901695154,0.08149754203623161,True,
syn-014-obs,True,rss-full-budget,5,1,13.04,7213.297036043027,1162.9504056060384,520.2583533460331,80158.5471460738,9,73,100.0,0.0,0.17919999999999994,34896.7632167675,19.28466977563489,0.015607999986968935,True,
syn-014-obs,True,darp-stc,5,1,13.04,12314.832397184455,1340.2767519518547,818.827576412877,110901.53440139489,11,331,100.0,0.0,0.13653333333333328,42427.495048545316,16.597292423690565,0.07203000003937632,True,
syn-014-obs,True,darp-boustrophedon,5,1,13.04,17380.728199123103,1340.2767519518547,1196.801438494805,120781.01562054544,12,182,100.0,0.0,0.13653333333333328,42668.199166793354,12.362018374395166,0.06312058301409706,True,
syn-015,False,rss,8,4,18.16,4669.486790597797,1647.4426745273113,183.4384991233506,191316.52684976585,15,109,100.0,0.0,0.0,9481.776351718725,36.226450063472,0.11954712501028553,True,
syn-015,False,rss-fixed-angle,8,4,18.16,4758.542673851131,1666.1229438811133,185.60573463843247,195264.80582660736,17,130,100.0,0.0,0.0,9313.121985669019,36.458374111534035,0.13920933404006064,True,
syn-015,False,rss-greedy-split,8,4,18.16,4608.807289249703,1647.4426745273113,179.75524493269995,203698.3045309394,15,114,100.0,0.0,0.0,10602.431125565809,39.153639542383914,0.1388224579859525,True,
syn-015,False,rss-full-budget,8,4,18.16,4840.424233678737,1647.4426745273113,193.81442574732168,196079.46601798327,13,108,100.0,0.0,0.0,10073.304156280059,35.755548354751014,0.003729958028998226,True,
syn-015,False,darp-stc,8,4,18.16,8875.495605436525,1666.1229438811133,432.70352215195464,214199.54522890333,16,639,100.0,0.0,0.0,24051.76982995273,23.655281281575164,0.16775341698667035,True,
syn-015,False,darp-boustrophedon,8,4,18.16,6624.628041488682,1666.1229438811133,297.6073954096742,215615.62672597644,16,324,100.0,0.0,0.0,15711.308551559663,30.27422583075342,0.16945804096758366,True,
syn-015-obs,True,rss,8,4,11.65,7455.26269000742,2966.48809340317,151.31611708087814,202000.2012748486,23,148,100.0,0.0,0.26453333333333323,19448.55739268094,29.60041539239405,0.3987275419640355,True,
syn-015-obs,True,rss-fixed-angle,8,4,11.65,7026.735902777891,2995.973886341474,134.53929070652123,204395.73432281066,25,148,100.0,0.0,0.2559999999999999,14897.933533193045,31.742614445383744,0.4334067919990048,True,
syn-015-obs,True,rss-greedy-split,8,4,11.65,8134.060951941668,2966.48809340317,174.19833472549803,231254.62833841302,27,151,100.0,0.0,0.26453333333333323,18841.26176968461,31.058820338400828,0.4046477079973556,True,
syn-015-obs,True,rss-full-budget,8,4,11.65,8170.78856486019,2966.48809340317,175.43641867399575,202409.92234652545,23,147,100.0,0.0,0.26453333333333323,21256.798413055538,27.048727615479095,0.08541287499247119,True,
syn-015-obs,True,darp-stc,8,4,11.65,18849.9468226313,2995.973886341474,529.1759387011836,242397.23384867626,27,648,100.0,0.0,0.2559999999999999,49547.6621073692,14.861464364919833,0.14772945799631998,True,
syn-015-obs,True,darp-boustrophedon,8,4,11.65,11423.812193792188,2995.973886341474,281.30546617488534,239458.75953362306,26,349,100.0,0.0,0.2559999999999999,27632.34408902482,23.55358704616722,0.13750670902663842,True,
syn-016,False,rss,7,1,19.25,7407.924027957283,3137.1369438833112,136.1364569181787,218374.19158055037,15,84,100.0,0.0,0.0,42292.43811546908,24.284392610692507,0.06918375001987442,True,
syn-016,False,rss-fixed-angle,7,1,19.25,12083.617380897696,3172.053272108346,280.93992579343296,333909.6212022592,20,215,100.0,0.0,0.0,64718.667789931904,23.315104910373083,0.07645137497456744,True,
syn-016,False,rss-greedy-split,7,1,19.25,7493.4874094937495,3137.1369438833112,138.86389225386893,233050.81359463168,15,89,100.0,0.0,0.0,43912.890451159314,25.726282145561186,0.0950299589894712,True,
syn-016,False,rss-full-budget,7,1,19.25,7407.924027957283,3137.1369438833112,136.1364569181787,218374.19158055037,15,84,100.0,0.0,0.0,42292.43811546908,24.284392610692507,0.004669082991313189,True,
syn-016,False,darp-stc,7,1,19.25,16574.403523711408,3172.053272108346,422.51340383999974,367051.3968370775,23,599,100.0,0.0,0.0,71681.21326498313,19.76336890395858,0.13108866603579372,True,
syn-016,False,darp-boustrophedon,7,1,19.25,16156.321696098717,3172.053272108346,409.3332397081784,358297.9876420598,23,369,100.0,0.0,0.0,70546.84137657877,19.283642514884455,0.11672645795624703,True,
syn-016-obs,True,rss,3,1,19.25,27641.420868776153,18626.027229873343,48.40212852498935,219500.56276623748,15,97,100.0,0.0,0.3327999999999999,43519.59879777127,19.707507596407275,0.13664883299497887,True,
syn-016-obs,True,rss-fixed-angle,3,1,19.25,41020.68500173333,18717.81766065674,119.15313924633062,325137.5407721685,20,224,100.0,0.0,0.3413333333333332,63552.32142194157,19.92771136124976,0.21074137499090284,True,
syn-016-obs,True,rss-greedy-split,3,1,19.25,28871.417172919893,18626.027229873343,55.00577131453177,236886.47864538923,15,101,100.0,0.0,0.3327999999999999,45659.05146036843,20.396918836832686,0.16255458298837766,True,
syn-016-obs,True,rss-full-budget,3,1,19.25,27772.06562532453,18626.027229873343,49.10353819725077,218740.37415350875,15,93,100.0,0.0,0.3327999999999999,43669.63639457188,19.535855080391308,0.04540262499358505,True,
syn-016-obs,True,darp-stc,3,1,19.25,48395.475517555016,18717.81766065674,158.55298088130323,337922.12763648963,21,487,100.0,0.0,0.3413333333333332,52765.468038845866,17.99904161737011,0.2688637919491157,True,
syn-016-obs,True,darp-boustrophedon,3,1,19.25,52190.173315539745,18717.81766065674,178.8261658582082,359522.85775318625,22,296,100.0,0.0,0.3413333333333332,52822.9987643446,17.42909098226022,0.2916278750053607,True,
syn-017,False,rss,6,3,10.8,3198.158805788628,1274.1881651321373,150.9958021354694,100864.43923153658,12,89,100.0,0.0,0.0,13414.71891353196,36.88914901441206,0.08603570802370086,True,
syn-017,False,rss-fixed-angle,6,3,10.8,2824.1788130638006,1279.4544457872687,120.73304933698039,103539.44596978641,13,83,100.0,0.0,0.0,3842.02806993372,42.711113690625396,0.07749466598033905,True,
syn-017,False,rss-greedy-split,6,3,10.8,3284.8310383307526,1274.1881651321373,157.7979554526866,120026.41589301758,14,92,100.0,0.0,0.0,3578.7586217054,42.61598898142265,0.08861558302305639,True,
syn-017,False,rss-full-budget,6,3,10.8,3198.158805788628,1274.1881651321373,150.9958021354694,100864.43923153658,12,89,100.0,0.0,0.0,13414.71891353196,36.88914901441206,0.0035912079620175064,True,
syn-017,False,darp-stc,6,3,10.8,8061.4929642858115,1279.4544457872687,530.072683777768,123569.03076495722,15,383,100.0,0.0,0.0,16684.07798861281,19.73933825899283,0.0254676669719629,True,
syn-017,False,darp-boustrophedon,6,3,10.8,7073.793669313989,1279.4544457872687,452.8757739367087,118383.75217915124,14,184,100.0,0.0,0.0,13939.41181914013,20.238731966075743,0.022568374988622963,True,
syn-017-obs,True,rss,4,3,13.67,6561.1869440383125,3031.1774959179033,116.45670545107585,103436.08050405035,10,94,100.0,0.0,0.17919999999999994,4648.221917884683,29.33099461466599,0.13422616600291803,True,
syn-017-obs,True,rss-fixed-angle,4,3,13.67,6508.3250465010515,3063.923627913685,112.4179919893356,103951.10705786549,12,90,100.0,0.0,0.15359999999999993,2660.2155752847157,29.636836591043842,0.13591358298435807,True,
syn-017-obs,True,rss-greedy-split,4,3,13.67,6611.202997600073,3031.1774959179033,118.10675905661752,104937.81050796286,10,94,100.0,0.0,0.17919999999999994,3334.767194142597,29.532920413397314,0.12827683298382908,True,
syn-017-obs,True,rss-full-budget,4,3,13.67,8331.283273886382,3031.1774959179033,174.85303269459305,105486.44795360521,10,93,100.0,0.0,0.17919999999999994,7484.861086580328,23.51846942858481,0.019980666984338313,True,
syn-017-obs,True,darp-stc,4,3,13.67,13275.462519474922,3063.923627913685,333.2830752871792,111692.38385370601,11,350,100.0,0.0,0.15359999999999993,17940.951596242383,17.044738304419834,0.02659379201941192,True,
syn-017-obs,True,darp-boustrophedon,4,3,13.67,10890.585569038496,3063.923627913685,255.445725533773,108483.70028681515,10,178,100.0,0.0,0.15359999999999993,25638.24887191711,19.202302234823126,0.019721292017493397,True,
syn-018,False,rss,2,3,10.51,36164.57514311668,24265.08861775495,49.039534587377446,413690.3531233138,53,215,100.0,0.0,0.0,1792.2943223649327,49.285566889522855,0.21327299997210503,True,
syn-018,False,rss-fixed-angle,2,3,10.51,39666.21090198666,24387.8443790119,62.64746603075453,450995.43976388127,57,213,100.0,0.0,0.0,2306.870371372476,48.89636749867197,0.20051354099996388,True,
syn-018,False,rss-greedy-split,2,3,10.51,40965.6485106753,24265.08861775495,68.82546425443682,471171.8764157845,51,208,100.0,0.0,0.0,1832.0995286899415,49.50500149134392,0.25975312502123415,True,
syn-018,False,rss-full-budget,2,3,10.51,36164.57514311668,24265.08861775495,49.039534587377446,413690.3531233138,53,215,100.0,0.0,0.0,1792.2943223649327,49.285566889522855,0.007933916989713907,True,
syn-018,False,darp-stc,2,3,10.51,48850.9998823543,24387.8443790119,100.30880599023058,506963.2469961058,55,582,100.0,0.0,0.0,868.3222070254114,45.55630225274931,0.029128374997526407,True,
syn-018,False,darp-boustrophedon,2,3,10.51,52924.8499597496,24387.8443790119,117.01323469694005,509725.290943912,55,303,100.0,0.0,0.0,679.5261796040686,41.66963484241655,0.017056291981134564,True,
syn-018-obs,True,rss,6,3,16.28,13948.622085247009,7548.096433643453,84.79655377844762,369265.1235614745,31,182,100.0,0.0,0.15359999999999993,20474.115700266822,32.409462478928376,0.3682697080075741,True,
syn-018-obs,True,rss-fixed-angle,6,3,16.28,14104.528341005816,7601.209926300751,85.55635849765312,377294.9703956374,31,178,100.0,0.0,0.15359999999999993,22525.466419796758,32.73340916135422,0.3365232920041308,True,
syn-018-obs,True,rss-greedy-split,6,3,16.28,16504.2834114399,7548.096433643453,118.65490930768772,458956.47585940856,38,191,100.0,0.0,0.15359999999999993,20012.022830105325,34.015795661523136,0.40421787498053163,True,
syn-018-obs,True,rss-full-budget,6,3,16.28,13978.249574481782,7548.096433643453,85.18906981868682,360897.26066121686,29,182,100.0,0.0,0.15359999999999993,21650.355104201728,31.63648897705722,0.039580624958034605,True,
syn-018-obs,True,darp-stc,6,3,16.28,27097.952403327352,7601.209926300751,256.4952509674338,452441.73704056494,33,953,100.0,0.0,0.15359999999999993,47902.5824189458,21.78932869839841,0.3135550000006333,True,
syn-018-obs,True,darp-boustrophedon,6,3,16.28,22311.379352478878,7601.209926300751,193.52405168129678,413429.87685812125,30,403,100.0,0.0,0.15359999999999993,37599.924726845675,23.26555549304672,0.26492541702464223,True,
syn-019,False,rss,2,2,12.36,16410.406776374955,11477.088385358195,42.98405854668162,238448.12047392986,26,122,100.0,0.0,0.0,1584.6260818043581,44.76724084201727,0.11776462499983609,True,
syn-019,False,rss-fixed-angle,2,2,12.36,16723.912912563064,11525.618973172903,45.102080430471815,235292.3245053653,29,134,100.0,0.0,0.0,2482.455008155839,43.44958290908598,0.11980737501289696,True,
syn-019,False,rss-greedy-split,2,2,12.36,17343.656431649357,11477.088385358195,51.115473274348844,255893.72710986878,24,111,100.0,0.0,0.0,2310.9931009833317,45.35089051417894,0.1267169580096379,True,
syn-019,False,rss-full-budget,2,2,12.36,16739.500475541252,11477.088385358195,45.851455643545776,242776.80303546088,26,122,100.0,0.0,0.0,1658.094824993299,44.650849746228296,0.0038654159870930016,True,
syn-019,False,darp-stc,2,2,12.36,19796.51421970349,11525.618973172903,71.7609636912514,259324.53353390982,25,472,100.0,0.0,0.0,2225.1110892418346,43.547028188964326,0.018752000003587455,True,
syn-019,False,darp-boustrophedon,2,2,12.36,19775.145907501275,11525.618973172903,71.57556529961661,260613.7018831598,24,186,100.0,0.0,0.0,1486.1425516798017,41.265688942628636,0.01128487498499453,True,
syn-019-obs,True,rss,6,2,17.58,5485.649082082434,2700.017666180056,103.17085887232165,221909.75290461548,20,119,100.0,0.0,0.1706666666666666,9939.009240402318,44.11321475123718,0.1881785829900764,True,
syn-019-obs,True,rss-fixed-angle,6,2,17.58,5849.741312745557,2712.2564681659264,115.67802976616184,235942.97815890654,18,122,100.0,0.0,0.17919999999999994,10634.001583471027,43.918050507089674,0.17011154198553413,True,
syn-019-obs,True,rss-greedy-split,6,2,17.58,5759.408059228817,2700.017666180056,113.31001390732158,239753.53170209416,18,119,100.0,0.0,0.1706666666666666,10434.213042319865,45.21213556110963,0.1736112079815939,True,
syn-019-obs,True,rss-full-budget,6,2,17.58,5498.743427614449,2700.017666180056,103.65583145957662,214787.82761968797,17,115,100.0,0.0,0.1706666666666666,11070.101974384994,42.5865138505274,0.02451899996958673,True,
syn-019-obs,True,darp-stc,6,2,17.58,8137.523898473137,2712.2564681659264,200.02781794362784,241628.5182366272,18,652,100.0,0.0,0.17919999999999994,14931.13137394084,35.99325481611829,0.21965299994917586,True,
syn-019-obs,True,darp-boustrophedon,6,2,17.58,8093.228585566225,2712.2564681659264,198.3946643895001,244593.79582657007,18,279,100.0,0.0,0.17919999999999994,17359.97683469526,34.22133997539198,0.21506545797456056,True,
syn-020,False,rss,6,4,14.87,5205.888879184956,1833.0607343964675,183.99980325250854,119831.73769915172,14,91,100.0,0.0,0.0,5620.513484196759,25.691406869759014,0.10364345798734576,True,
syn-020,False,rss-fixed-angle,6,4,14.87,5258.482790085546,1848.5375815817072,184.46718327393205,129750.998184931,12,116,100.0,0.0,0.0,5602.257856772791,27.785288990349883,0.10288216703338549,True,
syn-020,False,rss-greedy-split,6,4,14.87,5510.186288838419,1833.0607343964675,200.6003121141886,133215.07903104357,16,94,100.0,0.0,0.0,5786.042726730416,26.991301407421282,0.10841575002996251,True,
syn-020,False,rss-full-budget,6,4,14.87,5294.957609531998,1833.0607343964675,188.85882012389268,120507.85052992143,12,86,100.0,0.0,0.0,6508.648297057992,25.333003768646893,0.0033764169784262776,True,
syn-020,False,darp-stc,6,4,14.87,11650.131577058099,1848.5375815817072,530.2350405605292,137476.75660519846,12,443,100.0,0.0,0.0,18836.208922953912,14.727405163811412,0.1400439590215683,True,
syn-020,False,darp-boustrophedon,6,4,14.87,11552.851734210366,1848.5375815817072,524.9725106657086,140740.4521872131,12,255,100.0,0.0,0.0,22193.225857661004,14.49219178117505,0.13413233397295699,True,
syn-020-obs,True,rss,3,4,10.99,8737.70795172947,5872.937502801986,48.77917477515636,123206.46968430134,18,106,100.0,0.0,0.24746666666666656,79.10202738727821,28.639488041266258,0.35647549998247996,True,
syn-020-obs,True,rss-fixed-angle,3,4,10.99,9540.840138687221,5880.382541127535,62.24863045827986,135043.80810133705,17,146,100.0,0.0,0.27306666666666657,597.4499409643122,29.206697784047257,0.3335209999931976,True,
syn-020-obs,True,rss-greedy-split,3,4,10.99,8936.39261853605,5872.937502801986,52.16222911060242,135768.9895363204,16,111,100.0,0.0,0.24746666666666656,1054.6326658064481,30.954173363566092,0.351284249976743,True,
syn-020-obs,True,rss-full-budget,3,4,10.99,9805.905016095201,5872.937502801986,66.96763776928994,118990.0508920245,15,101,100.0,0.0,0.24746666666666656,4870.864280352231,24.75396417135301,0.05472374998498708,True,
syn-020-obs,True,darp-stc,3,4,10.99,15414.219721127436,5880.382541127535,162.12954026919198,156562.23327601925,17,396,100.0,0.0,0.27306666666666657,5405.251369232261,22.7976977666698,0.10940487502375618,True,
syn-020-obs,True,darp-boustrophedon,3,4,10.99,14803.201473549354,5880.382541127535,151.73874947786837,149880.82955878993,16,198,100.0,0.0,0.27306666666666657,5545.181546534454,21.42030332070453,0.08898975001648068,True,
syn-021,False,rss,7,1,17.4,18657.153031788886,9907.73411845411,88.30897971957224,253341.03717829124,18,114,100.0,0.0,0.0,120726.30438573146,13.73838672865915,0.07515883300220594,True,
syn-021,False,rss-fixed-angle,7,1,17.4,19942.843368006394,10356.731297843928,92.55924281976988,261486.9075655186,19,122,100.0,0.0,0.0,125521.64366626697,13.272342313194287,0.11782408400904387,True,
syn-021,False,rss-greedy-split,7,1,17.4,19080.21033533506,9907.73411845411,92.57895001235784,268075.7225817398,18,120,100.0,0.0,0.0,124760.41246538966,14.243751465048375,0.09691887500230223,True,
syn-021,False,rss-full-budget,7,1,17.4,18871.39181626085,9907.73411845411,90.47131857435562,251176.90753368926,18,114,100.0,0.0,0.0,121340.95526401963,13.471131730860758,0.00483675004215911,True,
syn-021,False,darp-stc,7,1,17.4,42297.626219434285,10356.731297843928,308.4071026177906,410585.2811671432,28,772,100.0,0.0,0.0,184120.41997948496,10.461656219630857,0.13076400000136346,True,
syn-021,False,darp-boustrophedon,7,1,17.4,42076.27619545737,10356.731297843928,306.2698450448052,409169.6942018685,28,321,100.0,0.0,0.0,181189.01450334024,10.036559664522896,0.15307929198024794,True,
syn-021-obs,True,rss,2,1,17.4,15354.152259783195,11116.207083564437,38.124021479274674,252604.14796718318,18,128,100.0,0.0,0.24746666666666656,1112.4779749161612,55.73269072314948,0.26568387501174584,True,
syn-021-obs,True,rss-fixed-angle,2,1,17.4,16444.151473782287,11371.556520261478,44.60774516208594,268739.9128459974,20,137,100.0,0.0,0.24746666666666656,1136.821058905019,55.219274445974335,0.28070508304517716,True,
syn-021-obs,True,rss-greedy-split,2,1,17.4,16005.620391613415,11116.207083564437,43.98454680893886,268965.06172040344,18,126,100.0,0.0,0.24746666666666656,1264.4711878434346,56.863093272739064,0.3151121659902856,True,
syn-021-obs,True,rss-full-budget,2,1,17.4,15397.747917717916,11116.207083564437,38.51620253174155,252216.53338065953,18,127,100.0,0.0,0.24746666666666656,1255.217153035142,55.45962105753583,0.09367683297023177,True,
syn-021-obs,True,darp-stc,2,1,17.4,31973.60136927266,11371.556520261478,181.17172273033256,396263.80156683264,26,527,100.0,0.0,0.24746666666666656,1217.4481995977517,43.72060120730483,0.27566037501674145,True,
syn-021-obs,True,darp-boustrophedon,2,1,17.4,29641.58285959035,11371.556520261478,160.66425301387653,377760.13825285103,25,228,100.0,0.0,0.24746666666666656,1241.0337828776883,43.42936143388745,0.13971287495223805,True,
syn-022,False,rss,2,2,14.69,21007.546787819632,14083.18303921123,49.167604577240674,311462.43370273855,26,132,100.0,0.0,0.0,999.0404223984815,54.18755809032973,0.1360401250422001,True,
syn-022,False,rss-fixed-angle,2,2,14.69,22416.84389887236,14091.40980705354,59.08162636538663,326222.2950757899,31,231,100.0,0.0,0.0,1487.1590595881926,53.97055064944845,0.19650374999037012,True,
syn-022,False,rss-greedy-split,2,2,14.69,22779.709560037103,14083.18303921123,61.75114316566426,338706.63429910125,26,132,100.0,0.0,0.0,1000.1519467974769,54.32532050780113,0.20241754199378192,True,
syn-022,False,rss-full-budget,2,2,14.69,21007.546787819632,14083.18303921123,49.167604577240674,311462.43370273855,26,132,100.0,0.0,0.0,999.0404223984815,54.18755809032973,0.004435665963683277,True,
syn-022,False,darp-stc,2,2,14.69,30319.521897505285,14091.40980705354,115.16315480604833,367131.9570156444,29,521,100.0,0.0,0.0,901.2014628991897,46.07946241061755,0.023154249996878207,True,
syn-022,False,darp-boustrophedon,2,2,14.69,28319.102330590376,14091.40980705354,100.9671332985794,348477.797329145,27,322,100.0,0.0,0.0,759.7642407650737,46.14917910225398,0.013178291032090783,True,
syn-022-obs,True,rss,4,2,15.68,29484.902452541908,14016.243877760158,110.36236747654033,306111.3519084999,25,152,100.0,0.0,0.4351999999999998,54461.08794283605,16.0139291637877,0.6236063330434263,True,
syn-022-obs,True,rss-fixed-angle,4,2,15.68,37229.027671271004,14026.894880326055,165.41175355557817,362203.30682674807,30,258,100.0,0.0,0.4351999999999998,81215.63081756147,15.287452406854788,0.945511500001885,True,
syn-022-obs,True,rss-greedy-split,4,2,15.68,34005.6650002441,14016.243877760158,142.61610526199203,357119.7772786627,28,171,100.0,0.0,0.4351999999999998,60371.14730646332,16.26038353058269,0.6776295839808881,True,
syn-022-obs,True,rss-full-budget,4,2,15.68,29484.902452541908,14016.243877760158,110.36236747654033,306111.3519084999,25,152,100.0,0.0,0.4351999999999998,54461.08794283605,16.0139291637877,0.3402560409740545,True,
syn-022-obs,True,darp-stc,4,2,15.68,52307.41757182108,14026.894880326055,272.90803145025916,353620.162320112,26,623,100.0,0.0,0.4351999999999998,92441.10292477762,11.247113471195782,0.44487641600426286,True,
syn-022-obs,True,darp-boustrophedon,4,2,15.68,47248.807716752744,14026.894880326055,236.84438444764652,343876.3911104437,26,337,100.0,0.0,0.4351999999999998,72940.53292992222,11.663847204444163,0.32170104200486094,True,
syn-023,False,rss,7,1,13.86,34475.95253210254,11506.21394517727,199.628989138976,243391.06882263956,22,123,100.0,0.0,0.0,234605.20369944762,6.516647960717054,0.11306595895439386,True,
syn-023,False,rss-fixed-angle,7,1,13.86,27260.232677994358,11730.199376447428,132.39360051056784,211610.83332333446,19,126,100.0,0.0,0.0,194331.5821771935,7.189554858805198,0.07797820895211771,True,
syn-023,False,rss-greedy-split,7,1,13.86,34655.42691272267,11506.21394517727,201.1887930977348,254960.19440499073,21,122,100.0,0.0,0.0,237337.3520332054,6.784854122878805,0.1099260410410352,True,
syn-023,False,rss-full-budget,7,1,13.86,36291.11308838654,11506.21394517727,215.4044698047497,239949.51810731285,22,123,100.0,0.0,0.0,242118.15478639046,6.104741956531869,0.0036511250073090196,True,
syn-023,False,darp-stc,7,1,13.86,42340.602873980504,11730.199376447428,260.9538211174348,264376.6079963466,23,576,100.0,0.0,0.0,235934.424180098,6.255887307046836,0.13227087497944012,True,
syn-023,False,darp-boustrophedon,7,1,13.86,42728.77184424051,11730.199376447428,264.26296325392224,271817.8610273004,24,273,100.0,0.0,0.0,257341.04775488155,6.063846573877249,0.13441837497521192,True,
syn-023-obs,True,rss,3,1,19.89,8861.297398761106,4302.677612154451,105.9484394956574,198709.92693070494,13,121,100.0,0.0,0.24746666666666656,7694.3915260618105,47.81844242205977,0.14417658298043534,True,
syn-023-obs,True,rss-fixed-angle,3,1,19.89,8811.494866212286,4337.011222371008,103.16975019020389,194131.76713166025,16,136,100.0,0.0,0.26453333333333323,6701.840962214051,47.07631856815092,0.17904491699300706,True,
syn-023-obs,True,rss-greedy-split,3,1,19.89,9176.167363144395,4302.677612154451,113.26643988438806,205092.28921009516,13,121,100.0,0.0,0.24746666666666656,6362.423731873556,47.618142371424135,0.1619377910392359,True,
syn-023-obs,True,rss-full-budget,3,1,19.89,8861.297398761106,4302.677612154451,105.9484394956574,198709.92693070494,13,121,100.0,0.0,0.24746666666666656,7694.3915260618105,47.81844242205977,0.05157529196003452,True,
syn-023-obs,True,darp-stc,3,1,19.89,11334.229694585581,4337.011222371008,161.33733839842938,227902.3534187658,14,456,100.0,0.0,0.26453333333333323,5951.256919236272,46.0393359334793,0.2564192079589702,True,
syn-023-obs,True,darp-boustrophedon,3,1,19.89,10876.41315900166,4337.011222371008,150.78130079302895,224479.83717753467,14,205,100.0,0.0,0.26453333333333323,6528.806147918118,44.758598790719674,0.19564562500454485,True,
syn-024,False,rss,7,4,9.01,3869.835240181295,1328.2073533219711,191.35776356774974,88466.48685595575,14,76,100.0,0.0,0.0,7134.487713867229,29.974548782584037,0.09357770800124854,True,
syn-024,False,rss-fixed-angle,7,4,9.01,4025.0712509806185,1323.3739451318054,204.15222135718633,93837.05723209576,14,100,100.0,0.0,0.0,8331.465352591265,30.79038209196347,0.08511400001589209,True,
syn-024,False,rss-greedy-split,7,4,9.01,4060.701894494031,1328.2073533219711,205.72800883369865,100232.13193405005,15,84,100.0,0.0,0.0,8570.440207918113,32.400821658959856,0.11561987502500415,True,
syn-024,False,rss-full-budget,7,4,9.01,3991.3817503382115,1328.2073533219711,200.50893336461291,87478.91677571762,14,76,100.0,0.0,0.0,7557.8387135038,28.732990585833296,0.004542791983112693,True,
syn-024,False,darp-stc,7,4,9.01,9830.93765102781,1323.3739451318054,642.8692160059619,103820.0791054183,17,351,100.0,0.0,0.0,20578.310788990475,14.792352747539505,0.1119828749797307,True,
syn-024,False,darp-boustrophedon,7,4,9.01,8367.500403159176,1323.3739451318054,532.2854121422037,104190.21983649106,15,203,100.0,0.0,0.0,17943.13955428539,16.955882516551377,0.08122979203471914,True,
syn-024-obs,True,rss,8,4,9.58,3062.0250321019676,724.5318400979266,322.62118276101006,88392.80523638277,13,91,100.0,0.0,0.20479999999999995,9589.14144765793,31.092310639012968,0.25105895794695243,True,
syn-024-obs,True,rss-fixed-angle,8,4,9.58,3647.698461883293,717.6242585741234,408.30200042722254,92565.01288565231,13,118,100.0,0.0,0.2303999999999999,10077.886274692817,27.66177436765617,0.24160808400483802,True,
syn-024-obs,True,rss-greedy-split,8,4,9.58,3707.450074041942,724.5318400979266,411.70284987625234,103505.72954780595,15,99,100.0,0.0,0.20479999999999995,10232.353004792438,30.153110666729177,0.19931437500054017,True,
syn-024-obs,True,rss-full-budget,8,4,9.58,3062.0250321019676,724.5318400979266,322.62118276101006,88392.80523638277,13,91,100.0,0.0,0.20479999999999995,9589.14144765793,31.092310639012968,0.0511119170114398,True,
syn-024-obs,True,darp-stc,8,4,9.58,7661.17516829035,717.6242585741234,967.5747198837241,102396.55890733734,16,369,100.0,0.0,0.2303999999999999,31225.15560548156,15.560390882147987,0.09616316598840058,True,
syn-024-obs,True,darp-boustrophedon,8,4,9.58,7580.241330145141,717.6242585741234,956.2966956003729,101259.84239516346,16,228,100.0,0.0,0.2303999999999999,22834.771575775863,15.094473324198615,0.07211016700603068,True,
syn-025,False,rss,4,1,16.09,23626.705126052242,12853.73246184498,83.81201877498037,246058.00570916448,19,125,100.0,0.0,0.0,61566.10363930844,17.41382685764158,0.08848904096521437,True,
syn-025,False,rss-fixed-angle,4,1,16.09,24403.75104513922,12885.244999311046,89.39299211186167,244195.48644185156,20,122,100.0,0.0,0.0,61961.61972672123,16.70342670057572,0.07285095797851682,True,
syn-025,False,rss-greedy-split,4,1,16.09,25393.027447449633,12853.73246184498,97.55372630343983,265290.7513375919,19,125,100.0,0.0,0.0,66654.21115793282,17.43882517521376,0.10966841701883823,True,
syn-025,False,rss-full-budget,4,1,16.09,23635.348931947854,12853.73246184498,83.87926621397344,245602.35692576278,19,125,100.0,0.0,0.0,61640.52187306257,17.37610203289349,0.005582917015999556,True,
syn-025,False,darp-stc,4,1,16.09,28645.62682861742,12885.244999311046,122.31340444166219,270030.4578465263,20,552,100.0,0.0,0.0,61800.875707114414,16.901008966800998,0.08560916595160961,True,
syn-025,False,darp-boustrophedon,4,1,16.09,29824.462573315996,12885.244999311046,131.46213032744555,281664.3137936448,21,249,100.0,0.0,0.0,65460.98440542225,16.130956996137773,0.04066441603936255,True,
syn-025-obs,True,rss,8,1,14.61,12891.706947641167,4002.051120118917,222.1274931455174,259874.93530075974,24,139,100.0,0.0,0.24746666666666656,85920.97596009764,16.891824454962467,0.15107712504686788,True,
syn-025-obs,True,rss-fixed-angle,8,1,14.61,11843.794933222009,4019.4050679044412,194.6653729378138,249931.4937381888,22,130,100.0,0.0,0.24746666666666656,81966.60087070325,17.65575846033569,0.17251887504244223,True,
syn-025-obs,True,rss-greedy-split,8,1,14.61,12695.37596971869,4002.051120118917,217.22173427263618,282334.3384479667,22,138,100.0,0.0,0.24746666666666656,89878.3248044126,18.6014854508117,0.18548212497262284,True,
syn-025-obs,True,rss-full-budget,8,1,14.61,12891.706947641167,4002.051120118917,222.1274931455174,259874.93530075974,24,139,100.0,0.0,0.24746666666666656,85920.97596009764,16.891824454962467,0.0338038339978084,True,
syn-025-obs,True,darp-stc,8,1,14.61,18927.0607830533,4019.4050679044412,370.89209630023976,312488.0656715473,27,683,100.0,0.0,0.24746666666666656,97839.36998241016,14.89772221308034,0.14853716699872166,True,
syn-025-obs,True,darp-boustrophedon,8,1,14.61,18971.128839677367,4019.4050679044412,371.98847887128136,308746.37966844253,26,332,100.0,0.0,0.24746666666666656,97240.47109616121,14.092609578653228,0.15753179200692102,True,
syn-026,False,rss,8,3,16.83,2228.582821464571,891.2059310295541,150.0637331811773,132240.63233274186,12,84,100.0,0.0,0.0,4487.810707018553,49.269230213666916,0.10006999998586252,True,
syn-026,False,rss-fixed-angle,8,3,16.83,2456.349463807369,902.883249928997,172.05615609776092,154983.52434163532,13,143,100.0,0.0,0.0,4835.084452481407,53.36070429045074,0.08253387501463294,True,
syn-026,False,rss-greedy-split,8,3,16.83,2486.4620108347863,891.2059310295541,178.99971535897805,140853.64830071808,15,87,100.0,0.0,0.0,5401.666779966818,47.08074155690292,0.11900308402255177,True,
syn-026,False,rss-full-budget,8,3,16.83,2743.0580411106002,891.2059310295541,207.79171744758452,132759.96073246765,12,80,100.0,0.0,0.0,5840.858493378032,40.17053972875178,0.0032445830292999744,True,
syn-026,False,darp-stc,8,3,16.83,6465.429614392684,902.883249928997,616.0870040396837,166672.77376075872,16,478,100.0,0.0,0.0,29707.17203901045,23.873055197348727,0.24803887499729171,True,
syn-026,False,darp-boustrophedon,8,3,16.83,6297.319461372852,902.883249928997,597.4677470058366,163581.91689657784,16,269,100.0,0.0,0.0,31687.482098050485,22.99401249303807,0.26671704096952453,True,
syn-026-obs,True,rss,8,3,11.04,2803.131214801544,1121.5468079823731,149.93439371864358,133738.54058459203,15,116,100.0,0.0,0.4010666666666665,12155.312344253225,39.485947919799926,0.2636526669957675,True,
syn-026-obs,True,rss-fixed-angle,8,3,11.04,4340.203624847936,1149.55316714506,277.5557102440878,179500.49752664473,20,170,100.0,0.0,0.3925333333333332,16987.434374492,34.45042474242398,0.4782404589932412,True,
syn-026-obs,True,rss-greedy-split,8,3,11.04,3524.644296230099,1121.5468079823731,214.26635706545508,149692.84031657304,16,117,100.0,0.0,0.4010666666666665,12926.904697604303,35.01323261740198,0.29389583301963285,True,
syn-026-obs,True,rss-full-budget,8,3,11.04,2872.8481617449197,1121.5468079823731,156.15053614330031,127075.43017870827,14,112,100.0,0.0,0.4010666666666665,15987.324041123671,36.54380592754045,0.1555220839800313,True,
syn-026-obs,True,darp-stc,8,3,11.04,10527.658200127593,1149.55316714506,815.8043752141765,184945.14462830112,22,492,100.0,0.0,0.3925333333333332,36182.706802239605,15.835790000072116,0.28200470795854926,True,
syn-026-obs,True,darp-boustrophedon,8,3,11.04,10249.928465961768,1149.55316714506,791.6445762502387,171612.5812674989,20,291,100.0,0.0,0.3925333333333332,32631.88552522319,14.55285959444242,0.23486816603690386,True,
syn-027,False,rss,4,1,15.06,17345.33657700598,7782.882655286541,122.86519462328162,136627.50088473957,11,74,100.0,0.0,0.0,53109.329686089026,16.10081977275257,0.03665566601557657,True,
syn-027,False,rss-fixed-angle,4,1,15.06,17543.498819988,7799.441673881894,124.93275228579725,135194.4772731288,12,138,100.0,0.0,0.0,55118.39674572295,15.982842708333502,0.03926479100482538,True,
syn-027,False,rss-greedy-split,4,1,15.06,18626.230562387365,7782.882655286541,139.32302961982157,142211.33412892543,11,72,100.0,0.0,0.0,58129.96013047536,15.579245522544912,0.04714129201602191,True,
syn-027,False,rss-full-budget,4,1,15.06,17890.00019779621,7782.882655286541,129.8634193802779,134806.17269714415,11,74,100.0,0.0,0.0,53993.57941819783,15.406728576632823,0.002034457982517779,True,
syn-027,False,darp-stc,4,1,15.06,26734.600565441415,7799.441673881894,242.7758252871865,163793.0679228624,14,350,100.0,0.0,0.0,65377.73053712321,13.128474862339155,0.04034395795315504,True,
syn-027,False,darp-boustrophedon,4,1,15.06,24241.03872894688,7799.441673881894,210.80479529865846,156005.83040299703,13,213,100.0,0.0,0.0,63643.183065087134,13.571119155516687,0.03981454198947176,True,
syn-027-obs,True,rss,3,1,11.3,12399.01195158955,5158.790115211179,140.34728443457882,160432.40406062934,19,101,100.0,0.0,0.2218666666666666,11074.412948050918,41.95962610852245,0.12427129200659692,True,
syn-027-obs,True,rss-fixed-angle,3,1,11.3,12092.111213250382,5173.511337549124,133.73122091153752,156831.14741609947,18,158,100.0,0.0,0.21333333333333326,10304.254241221293,42.3267569828233,0.15640249999705702,True,
syn-027-obs,True,rss-greedy-split,3,1,11.3,12883.322881155855,5158.790115211179,149.7353564194861,167281.55391871138,17,105,100.0,0.0,0.2218666666666666,10959.72472108436,42.05524117391461,0.17501879198243842,True,
syn-027-obs,True,rss-full-budget,3,1,11.3,12487.04313863792,5158.790115211179,142.05371530465442,154112.8143872587,18,98,100.0,0.0,0.2218666666666666,11002.837010835057,40.03499993932717,0.019726458005607128,True,
syn-027-obs,True,darp-stc,3,1,11.3,14665.074207727019,5173.511337549124,183.46461911252686,176416.34198144276,18,332,100.0,0.0,0.21333333333333326,9654.477876113782,39.965745174694206,0.05975858395686373,True,
syn-027-obs,True,darp-boustrophedon,3,1,11.3,14856.365157874528,5173.511337549124,187.16212623422058,178727.2046799076,19,210,100.0,0.0,0.21333333333333326,9596.611023948151,39.56722607892464,0.05046804103767499,True,
syn-028,False,rss,2,3,19.94,7461.325042620494,6042.013100029505,23.490712765651867,148623.85278752714,11,74,100.0,0.0,0.0,74.72046568811675,59.03028083379892,0.07149958302034065,True,
syn-028,False,rss-fixed-angle,2,3,19.94,8125.77414572967,6001.123831929161,35.404207166935024,158657.68841841316,12,90,100.0,0.0,0.0,35.762457462014936,58.15075123011009,0.09517037495970726,True,
syn-028,False,rss-greedy-split,2,3,19.94,8269.510156819633,6042.013100029505,36.866802833963575,160171.9001163501,11,72,100.0,0.0,0.0,0.0,57.33267956746967,0.07553162495605648,True,
syn-028,False,rss-full-budget,2,3,19.94,7589.891581100277,6042.013100029505,25.61858863005797,151197.2956756306,10,72,100.0,0.0,0.0,0.0,58.98919619278265,0.0052263340330682695,True,
syn-028,False,darp-stc,2,3,19.94,10558.229196489881,6001.123831929161,75.93753257205766,181510.11217806608,11,355,100.0,0.0,0.0,778.7754417580265,55.57245253856448,0.05379333300516009,True,
syn-028,False,darp-boustrophedon,2,3,19.94,10110.022330572574,6001.123831929161,68.46881707026098,178308.173801279,11,129,100.0,0.0,0.0,0.0,53.2366093798866,0.04849066701717675,True,
syn-028-obs,True,rss,5,3,14.03,10139.433730001207,4547.304353079175,122.976799939405,170883.96275365428,16,120,100.0,0.0,0.3839999999999999,12787.849295084894,26.446444735855803,0.36613924999255687,True,
syn-028-obs,True,rss-fixed-angle,5,3,14.03,9774.7537550246,4499.367791181525,117.24727136515702,165291.5953389079,15,126,100.0,0.0,0.3925333333333332,12407.288335358122,26.70213360923145,0.38566383300349116,True,
syn-028-obs,True,rss-greedy-split,5,3,14.03,11027.58312982567,4547.304353079175,142.5081383074441,179846.90269096638,15,120,100.0,0.0,0.3839999999999999,17531.09030698127,25.574159185095162,0.4515834999619983,True,
syn-028-obs,True,rss-full-budget,5,3,14.03,10592.109634859471,4547.304353079175,132.93161865638265,172151.842180293,16,121,100.0,0.0,0.3839999999999999,13023.956825793377,25.473981725000886,0.1913877089973539,True,
syn-028-obs,True,darp-stc,5,3,14.03,22076.825852533035,4499.367791181525,390.66506400748597,202674.3606690103,18,553,100.0,0.0,0.3925333333333332,39398.51254870675,15.419763673122441,0.21088266698643565,True,
syn-028-obs,True,darp-boustrophedon,5,3,14.03,19730.893183953933,4499.367791181525,338.5259018528165,207304.37032366905,18,250,100.0,0.0,0.3925333333333332,16020.908274596448,16.854378247661426,0.19162395899184048,True,
syn-029,False,rss,5,2,17.68,21207.77123338344,13371.341567022117,58.6061587543945,300502.1095966454,25,126,100.0,0.0,0.0,43550.97186696432,25.074753303660575,0.11625875002937391,True,
syn-029,False,rss-fixed-angle,5,2,17.68,20144.927381180645,13415.636265742776,50.16005936760013,297804.1551851314,21,126,100.0,0.0,0.0,41936.66237591351,26.147114777241278,0.092534874973353,True,
syn-029,False,rss-greedy-split,5,2,17.68,25949.048487189626,13371.341567022117,94.06465953414909,377462.49666075886,26,130,100.0,0.0,0.0,55328.45952857871,25.692315468239006,0.15914116700878367,True,
syn-029,False,rss-full-budget,5,2,17.68,21935.738387152713,13371.341567022117,64.05039297816653,308423.52424549015,25,126,100.0,0.0,0.0,44868.2423537283,24.8728844682239,0.006588792020920664,True,
syn-029,False,darp-stc,5,2,17.68,42168.60924426824,13415.636265742776,214.32433325541953,390742.5466365237,27,713,100.0,0.0,0.0,69840.50360017964,17.00954298011888,0.10091320902574807,True,
syn-029,False,darp-boustrophedon,5,2,17.68,49512.51260051653,13415.636265742776,269.0657052692178,408266.7529362432,28,296,100.0,0.0,0.0,87261.64006119572,14.751846178736455,0.10235862503759563,True,
syn-029-obs,True,rss,3,2,17.16,20076.70363138813,14164.594417143962,41.738641009646635,299426.70337475726,27,149,100.0,0.0,0.3242666666666666,5113.313443373271,42.218652369808446,0.3090468340087682,True,
syn-029-obs,True,rss-fixed-angle,3,2,17.16,20718.531017899306,14201.050806742438,45.89435176207151,309723.2818384934,24,163,100.0,0.0,0.3242666666666666,4694.01228232709,42.313725885406996,0.31724283401854336,True,
syn-029-obs,True,rss-greedy-split,3,2,17.16,23139.086039510912,14164.594417143962,63.35862050172627,367640.3002125183,26,144,100.0,0.0,0.3242666666666666,2882.7270150320537,44.90828068865581,0.29976558400085196,True,
syn-029-obs,True,rss-full-budget,3,2,17.16,21675.902410590126,14164.594417143962,53.028754458051644,308029.18674808374,25,144,100.0,0.0,0.3242666666666666,7239.843634859143,40.237257382290075,0.10493629198754206,True,
syn-029-obs,True,darp-stc,3,2,17.16,29203.317092180074,14201.050806742438,105.64194501941219,381903.87571932364,26,635,100.0,0.0,0.3242666666666666,17075.890083070088,38.280258673025386,0.18579712498467416,True,
syn-029-obs,True,darp-boustrophedon,3,2,17.16,27569.20336623179,14201.050806742438,94.13495340177475,356120.2382960743,24,266,100.0,0.0,0.3242666666666666,14985.930470311117,36.936854126429246,0.140208791999612,True,
